"Symbol","Name","LastSale","MarketCap","IPOyear","Sector","industry","Summary Quote",
"XXII","22nd Century Group, Inc","0.82","$62.33M","n/a","Consumer Non-Durables","Farming/Seeds/Milling","http://www.nasdaq.com/symbol/xxii",
"FAX","Aberdeen Asia-Pacific Income Fund Inc","4.9","$1.31B","1986","n/a","n/a","http://www.nasdaq.com/symbol/fax",
"IAF","Aberdeen Australia Equity Fund Inc","5.41","$123.75M","n/a","n/a","n/a","http://www.nasdaq.com/symbol/iaf",
"CH","Aberdeen Chile Fund, Inc.","6.02","$56.51M","n/a","n/a","n/a","http://www.nasdaq.com/symbol/ch",
"ABE           ","Aberdeen Emerging Markets Smaller Company Opportunities Fund I","11.71","$113.99M","n/a","n/a","n/a","http://www.nasdaq.com/symbol/abe",
"FCO","Aberdeen Global Income Fund, Inc.","8.3899","$74.21M","1992","n/a","n/a","http://www.nasdaq.com/symbol/fco",
"IF","Aberdeen Indonesia Fund, Inc.","6","$56.77M","1990","n/a","n/a","http://www.nasdaq.com/symbol/if",
"ISL","Aberdeen Israel Fund, Inc.","17.1199","$69.06M","1992","n/a","n/a","http://www.nasdaq.com/symbol/isl",
"ACU","Acme United Corporation.","16.4","$54.65M","1988","Capital Goods","Industrial Machinery/Components","http://www.nasdaq.com/symbol/acu",
"AIII","ACRE Realty Investors, Inc.","1.5","$30.17M","n/a","Consumer Services","Real Estate Investment Trusts","http://www.nasdaq.com/symbol/aiii",
"ATNM","Actinium Pharmaceuticals, Inc.","2","$88.78M","n/a","Health Care","Major Pharmaceuticals","http://www.nasdaq.com/symbol/atnm",
"AE","Adams Resources & Energy, Inc.","39.19","$165.29M","n/a","Energy","Oil Refining/Marketing","http://www.nasdaq.com/symbol/ae",
"ADK","Adcare Health Systems Inc","2.45","$48.87M","n/a","Health Care","Hospital/Nursing Management","http://www.nasdaq.com/symbol/adk",
"ADK^A","Adcare Health Systems Inc","22.1966","n/a","n/a","n/a","n/a","http://www.nasdaq.com/symbol/adk^a",
"ACY","AeroCentury Corp.","11.21","$17.56M","n/a","Technology","Diversified Commercial Services","http://www.nasdaq.com/symbol/acy",
"WGA","AG&E Holdings, Inc.","0.35","$4.08M","n/a","Technology","Radio And Television Broadcasting And Communications Equipment","http://www.nasdaq.com/symbol/wga",
"AIRI","Air Industries Group","6.07","$45.89M","n/a","Capital Goods","Military/Government/Technical","http://www.nasdaq.com/symbol/airi",
"AA^","Alcoa Inc.","87","n/a","n/a","Capital Goods","Metal Fabrications","http://www.nasdaq.com/symbol/aa^",
"AXU","Alexco Resource Corp","0.98","$75.84M","n/a","Basic Industries","Precious Metals","http://www.nasdaq.com/symbol/axu",
"AAU","Almaden Minerals, Ltd.","0.69","$53.86M","2015","Basic Industries","Precious Metals","http://www.nasdaq.com/symbol/aau",
"APT","Alpha Pro Tech, Ltd.","1.89","$33.74M","n/a","Health Care","Industrial Specialties","http://www.nasdaq.com/symbol/apt",
"AAMC","Altisource Asset Management Corp","14.28","$28.14M","n/a","Finance","Real Estate","http://www.nasdaq.com/symbol/aamc",
"DIT","AMCON Distributing Company","81.602","$49.72M","n/a","Consumer Non-Durables","Food Distributors","http://www.nasdaq.com/symbol/dit",
"ADGE","American DG Energy Inc.","0.31","$15.71M","n/a","Public Utilities","Power Generation","http://www.nasdaq.com/symbol/adge",
"AFCO","American Farmland Company","6.46","$109.32M","2015","Consumer Services","Real Estate Investment Trusts","http://www.nasdaq.com/symbol/afco",
"ALN","American Lorain Corporation","1.12","$42.85M","n/a","Consumer Non-Durables","Packaged Foods","http://www.nasdaq.com/symbol/aln",
"AMS","American Shared Hospital Services","2.468","$13.24M","n/a","Health Care","Medical Specialities","http://www.nasdaq.com/symbol/ams",
"AMPE","Ampio Pharmaceuticals, Inc.","2.79","$145.13M","n/a","Health Care","Major Pharmaceuticals","http://www.nasdaq.com/symbol/ampe",
"APHB","AmpliPhi Biosciences Corporation","3.75","$22.06M","n/a","Health Care","Biotechnology: Biological Products (No Diagnostic Substances)","http://www.nasdaq.com/symbol/aphb",
"AXN","Aoxing Pharmaceutical Company, Inc.","0.667","$50.83M","n/a","Health Care","Major Pharmaceuticals","http://www.nasdaq.com/symbol/axn",
"AMCO","Armco Metals Holdings, Inc.","0.29","$2.36M","n/a","Consumer Durables","Steel/Iron Ore","http://www.nasdaq.com/symbol/amco",
"HRT","Arrhythmia Research Technology Inc.","4.27","$12.03M","n/a","Health Care","Biotechnology: Electromedical & Electrotherapeutic Apparatus","http://www.nasdaq.com/symbol/hrt",
"AKG","Asanko Gold Inc.","2.19","$431.42M","n/a","Basic Industries","Mining & Quarrying of Nonmetallic Minerals (No Fuels)","http://www.nasdaq.com/symbol/akg",
"AINC","Ashford Inc.","46.15","$92.79M","2014","Consumer Services","Professional Services","http://www.nasdaq.com/symbol/ainc",
"ASB.WS","Associated Banc-Corp","n/a","n/a","n/a","n/a","n/a","http://www.nasdaq.com/symbol/asb.ws",
"AST","Asterias Biotherapeutics, Inc.","4.42","$169.52M","n/a","Health Care","Biotechnology: Biological Products (No Diagnostic Substances)","http://www.nasdaq.com/symbol/ast",
"AWX","Avalon Holdings Corporation","1.88","$7.15M","n/a","Public Utilities","Environmental Services","http://www.nasdaq.com/symbol/awx",
"ASM","Avino Silver","1.01","$38.87M","n/a","Basic Industries","Precious Metals","http://www.nasdaq.com/symbol/asm",
"BTG","B2Gold Corp","1.63","$1.51B","n/a","Basic Industries","Precious Metals","http://www.nasdaq.com/symbol/btg",
"BTN","Ballantyne Strong, Inc","4.66","$66.21M","n/a","Miscellaneous","Industrial Machinery/Components","http://www.nasdaq.com/symbol/btn",
"BKJ","Bancorp of New Jersey, Inc","13.5","$84.24M","n/a","Finance","Major Banks","http://www.nasdaq.com/symbol/bkj",
"BCV","Bancroft Fund Limited","17.9","$91.42M","n/a","n/a","n/a","http://www.nasdaq.com/symbol/bcv",
"BAA","BANRO CORPORATION","0.2501","$75.57M","n/a","Basic Industries","Precious Metals","http://www.nasdaq.com/symbol/baa",
"BHB","Bar Harbor Bankshares, Inc.","32.68","$196.4M","n/a","Finance","Major Banks","http://www.nasdaq.com/symbol/bhb",
"BRN","Barnwell Industries, Inc.","1.6935","$14.02M","n/a","Energy","Oil & Gas Production","http://www.nasdaq.com/symbol/brn",
"BGSF","BG Staffing Inc","14.42","$106.53M","n/a","Technology","Professional Services","http://www.nasdaq.com/symbol/bgsf",
"BPMX","BioPharmX Corporation","1.03","$21.72M","2015","Health Care","Major Pharmaceuticals","http://www.nasdaq.com/symbol/bpmx",
"BTX","BioTime, Inc.","3.15","$298.92M","n/a","Health Care","Biotechnology: Biological Products (No Diagnostic Substances)","http://www.nasdaq.com/symbol/btx",
"BTX.WS","BioTime, Inc.","n/a","n/a","n/a","n/a","n/a","http://www.nasdaq.com/symbol/btx.ws",
"BGI","Birks Group Inc.","0.449","$8.06M","n/a","Consumer Services","Consumer Specialties","http://www.nasdaq.com/symbol/bgi",
"BZM","BlackRock Maryland Municipal Bond Trust","15.45","$32.08M","2002","n/a","n/a","http://www.nasdaq.com/symbol/bzm",
"MHE","BlackRock Massachusetts Tax-Exempt Trust","14.35","$33.95M","1993","n/a","n/a","http://www.nasdaq.com/symbol/mhe",
"BLE","BlackRock Municipal Income Trust II","16.01","$375.76M","2002","n/a","n/a","http://www.nasdaq.com/symbol/ble",
"BLJ","Blackrock New Jersey Municipal Bond Trust","16.19","$37.64M","2002","n/a","n/a","http://www.nasdaq.com/symbol/blj",
"BFY","BlackRock New York Municipal Income Trust II","15.89","$79.43M","2002","n/a","n/a","http://www.nasdaq.com/symbol/bfy",
"BHV","BlackRock Virginia Municipal Bond Trust","18.444","$29.39M","2002","n/a","n/a","http://www.nasdaq.com/symbol/bhv",
"BDR","Blonder Tongue Laboratories, Inc.","0.4199","$2.84M","n/a","Technology","Radio And Television Broadcasting And Communications Equipment","http://www.nasdaq.com/symbol/bdr",
"BRG","Bluerock Residential Growth REIT, Inc.","10.76","$210.43M","2014","Consumer Services","Real Estate Investment Trusts","http://www.nasdaq.com/symbol/brg",
"BRG^A","Bluerock Residential Growth REIT, Inc.","25.25","n/a","n/a","n/a","n/a","http://www.nasdaq.com/symbol/brg^a",
"BVX","Bovie Medical Corporation","1.62","$43.82M","n/a","Health Care","Medical/Dental Instruments","http://www.nasdaq.com/symbol/bvx",
"BWL.A","Bowl America, Inc.","n/a","n/a","n/a","n/a","n/a","http://www.nasdaq.com/symbol/bwl.a",
"BTI","British American Tobacco p.l.c.","117.02","$109.08B","n/a","Consumer Non-Durables","Farming/Seeds/Milling","http://www.nasdaq.com/symbol/bti",
"CANF","Can-Fite Biopharma Ltd","2.73","$37.77M","n/a","Health Care","Major Pharmaceuticals","http://www.nasdaq.com/symbol/canf",
"ROX","Castle Brands, Inc.","1.02","$163.24M","2006","Consumer Non-Durables","Beverages (Production/Distribution)","http://www.nasdaq.com/symbol/rox",
"CAW","CCA Industries, Inc.","3.44","$24.1M","n/a","Consumer Non-Durables","Package Goods/Cosmetics","http://www.nasdaq.com/symbol/caw",
"CVM","Cel-Sci Corporation","0.56","$74.59M","n/a","Health Care","Biotechnology: Biological Products (No Diagnostic Substances)","http://www.nasdaq.com/symbol/cvm",
"CVM.WS","Cel-Sci Corporation","n/a","n/a","n/a","n/a","n/a","http://www.nasdaq.com/symbol/cvm.ws",
"CEF","Central Fund of Canada Limited","11.72","$2.98B","n/a","n/a","n/a","http://www.nasdaq.com/symbol/cef",
"CET","Central Securities Corporation","19.03","$471.37M","n/a","n/a","n/a","http://www.nasdaq.com/symbol/cet",
"LEU","Centrus Energy Corp.","4.5","$40.5M","2014","Basic Industries","Mining & Quarrying of Nonmetallic Minerals (No Fuels)","http://www.nasdaq.com/symbol/leu",
"CCF","Chase Corporation","52.18","$481.65M","n/a","Consumer Durables","Building Products","http://www.nasdaq.com/symbol/ccf",
"CQH","Cheniere Energy Partners LP Holdings, LLC","17.4","$4.03B","2013","Public Utilities","Oil/Gas Transmission","http://www.nasdaq.com/symbol/cqh",
"CQP","Cheniere Energy Partners, LP","27.15","$9.17B","2007","Public Utilities","Oil/Gas Transmission","http://www.nasdaq.com/symbol/cqp",
"LNG","Cheniere Energy, Inc.","33.31","$7.85B","n/a","Public Utilities","Oil/Gas Transmission","http://www.nasdaq.com/symbol/lng",
"CVR","Chicago Rivet & Machine Co.","24.25","$23.43M","n/a","Technology","Industrial Machinery/Components","http://www.nasdaq.com/symbol/cvr",
"CNR","China Metro-Rural Holdings Limited","0.88","$64.72M","n/a","Finance","Real Estate","http://www.nasdaq.com/symbol/cnr",
"CPHI","China Pharma Holdings, Inc.","0.1753","$7.64M","n/a","Health Care","Major Pharmaceuticals","http://www.nasdaq.com/symbol/cphi",
"CKX","CKX Lands, Inc.","10.5001","$20.4M","n/a","Energy","Oil & Gas Production","http://www.nasdaq.com/symbol/ckx",
"GLV","Clough Global Allocation Fund","11.519","$119.71M","2004","n/a","n/a","http://www.nasdaq.com/symbol/glv",
"GLQ","Clough Global Equity Fund","10.76","$189.95M","2005","n/a","n/a","http://www.nasdaq.com/symbol/glq",
"GLO","Clough Global Opportunities Fund","9.37","$483.25M","2006","n/a","n/a","http://www.nasdaq.com/symbol/glo",
"MOC","Command Security Corporation","2.25","$22.03M","n/a","Consumer Services","Diversified Commercial Services","http://www.nasdaq.com/symbol/moc",
"CIX","CompX International Inc.","10.1","$125.35M","1998","Capital Goods","Industrial Machinery/Components","http://www.nasdaq.com/symbol/cix",
"LODE","Comstock Mining, Inc.","0.38","$61.61M","n/a","Basic Industries","Precious Metals","http://www.nasdaq.com/symbol/lode",
"CTO","Consolidated-Tomoka Land Co.","46.52","$274.72M","n/a","Finance","Real Estate","http://www.nasdaq.com/symbol/cto",
"MCF","Contango Oil & Gas Company","11.1","$215.44M","n/a","Energy","Oil & Gas Production","http://www.nasdaq.com/symbol/mcf",
"CUO","Continental Materials Corporation","12.18","$20.25M","n/a","Capital Goods","Building Materials","http://www.nasdaq.com/symbol/cuo",
"CMT","Core Molding Technologies Inc","11.85","$91.36M","n/a","Consumer Non-Durables","Plastic Products","http://www.nasdaq.com/symbol/cmt",
"CVRS","Corindus Vascular Robotics, Inc.","1.02","$121.31M","2015","Health Care","Medical/Dental Instruments","http://www.nasdaq.com/symbol/cvrs",
"CRMD","CorMedix Inc","3.24","$117.02M","n/a","Health Care","Major Pharmaceuticals","http://www.nasdaq.com/symbol/crmd",
"CRF","Cornerstone Strategic Return Fund, Inc. (The)","16.39","$125.56M","n/a","n/a","n/a","http://www.nasdaq.com/symbol/crf",
"CLM","Cornerstone Strategic Value Fund, Inc.","14.76","$315.97M","1987","n/a","n/a","http://www.nasdaq.com/symbol/clm",
"CVU","CPI Aerostructures, Inc.","8","$68.78M","n/a","Capital Goods","Military/Government/Technical","http://www.nasdaq.com/symbol/cvu",
"CIK","Credit Suisse Asset Management Income Fund, Inc.","2.8","$146.37M","n/a","n/a","n/a","http://www.nasdaq.com/symbol/cik",
"DHY","Credit Suisse High Yield Bond Fund","2.2283","$222.62M","1998","n/a","n/a","http://www.nasdaq.com/symbol/dhy",
"CRHM","CRH Medical Corporation","3.3908","$241.64M","2015","Health Care","Medical/Dental Instruments","http://www.nasdaq.com/symbol/crhm",
"CRVP","Crystal Rock Holdings, Inc.","0.72","$15.38M","n/a","Consumer Non-Durables","Food Distributors","http://www.nasdaq.com/symbol/crvp",
"DAKP","Dakota Plains Holdings, Inc.","0.0995","$5.49M","n/a","Energy","Oil Refining/Marketing","http://www.nasdaq.com/symbol/dakp",
"DXR","Daxor Corporation","7.92","$30.51M","n/a","Health Care","Medical/Dental Instruments","http://www.nasdaq.com/symbol/dxr",
"VCF","Delaware Investments Colorado Municipal Income Fund, Inc","15.16","$73.33M","1993","n/a","n/a","http://www.nasdaq.com/symbol/vcf",
"VFL","Delaware Investments Florida Insured Municipal Income Fund","13.82","$62.58M","1993","n/a","n/a","http://www.nasdaq.com/symbol/vfl",
"VMM","Delaware Investments Minnesota Municipal Income Fund II, Inc.","14.82","$170.5M","1993","n/a","n/a","http://www.nasdaq.com/symbol/vmm",
"DLA","Delta Apparel, Inc.","19.47","$150.84M","n/a","Consumer Non-Durables","Apparel","http://www.nasdaq.com/symbol/dla",
"DNN","Denison Mine Corp","0.5415","$280.73M","n/a","Basic Industries","Precious Metals","http://www.nasdaq.com/symbol/dnn",
"DGSE","DGSE Companies, Inc.","0.465","$5.72M","n/a","Consumer Services","Consumer Specialties","http://www.nasdaq.com/symbol/dgse",
"DPW","Digital Power Corporation","0.3934","$2.67M","n/a","Capital Goods","Industrial Machinery/Components","http://www.nasdaq.com/symbol/dpw",
"DSS","Document Security Systems, Inc.","0.1998","$10.34M","n/a","Consumer Durables","Containers/Packaging","http://www.nasdaq.com/symbol/dss",
"DMF","Dreyfus Municipal Income, Inc.","9.72","$201.43M","1988","n/a","n/a","http://www.nasdaq.com/symbol/dmf",
"DXI","DXI Energy Inc.","0.22","$8.03M","n/a","Energy","Oil & Gas Production","http://www.nasdaq.com/symbol/dxi",
"GRF","Eagle Capital Growth Fund, Inc.","7.9","$25.78M","n/a","n/a","n/a","http://www.nasdaq.com/symbol/grf",
"ESTE","Earthstone Energy, Inc.","10.7","$148.04M","n/a","Energy","Oil & Gas Production","http://www.nasdaq.com/symbol/este",
"EVM","Eaton Vance California Municipal Bond Fund","12.59","$269.32M","2002","n/a","n/a","http://www.nasdaq.com/symbol/evm",
"EIA","Eaton Vance California Municipal Bond Fund II","13.18","$51.21M","2002","n/a","n/a","http://www.nasdaq.com/symbol/eia",
"CEV","Eaton Vance California Municipal Income Trust","14.493","$105.14M","1999","n/a","n/a","http://www.nasdaq.com/symbol/cev",
"EVV","Eaton Vance Limited Duration Income Fund","13.14","$1.53B","2003","n/a","n/a","http://www.nasdaq.com/symbol/evv",
"MAB","Eaton Vance Massachusetts Municipal Bond Fund","15.05","$26.62M","2002","n/a","n/a","http://www.nasdaq.com/symbol/mab",
"MMV","Eaton Vance Massachusetts Municipal Income Trust","14.985","$41.01M","1999","n/a","n/a","http://www.nasdaq.com/symbol/mmv",
"MIW","Eaton Vance Michigan Municipal Bond Fund","15.06","$22.59M","2002","n/a","n/a","http://www.nasdaq.com/symbol/miw",
"EMI","Eaton Vance Michigan Municipal Income Trust","13.69","$27.56M","1999","n/a","n/a","http://www.nasdaq.com/symbol/emi",
"EIM","Eaton Vance Municipal Bond Fund","13.24","$902.55M","2002","n/a","n/a","http://www.nasdaq.com/symbol/eim",
"EIV","Eaton Vance Municipal Bond Fund II","13.48","$134.98M","2002","n/a","n/a","http://www.nasdaq.com/symbol/eiv",
"EMJ","Eaton Vance New Jersey Municipal Bond Fund","14.11","$36.39M","2002","n/a","n/a","http://www.nasdaq.com/symbol/emj",
"EVJ","Eaton Vance New Jersey Municipal Income Trust","13.2","$60.7M","1999","n/a","n/a","http://www.nasdaq.com/symbol/evj",
"ENX","Eaton Vance New York Municipal Bond Fund","13.5201","$211.71M","2002","n/a","n/a","http://www.nasdaq.com/symbol/enx",
"NYH","Eaton Vance New York Municipal Bond Fund II","13.1372","$33.58M","2002","n/a","n/a","http://www.nasdaq.com/symbol/nyh",
"EVY","Eaton Vance New York Municipal Income Trust","14.41","$78.9M","1999","n/a","n/a","http://www.nasdaq.com/symbol/evy",
"EIO","Eaton Vance Ohio Municipal Bond Fund","14.1","$35.77M","2002","n/a","n/a","http://www.nasdaq.com/symbol/eio",
"EVO","Eaton Vance Ohio Municipal Income Trust","14.85","$42.43M","1999","n/a","n/a","http://www.nasdaq.com/symbol/evo",
"EIP","Eaton Vance Pennsylvania Municipal Bond Fund","14.18","$41.97M","2002","n/a","n/a","http://www.nasdaq.com/symbol/eip",
"EVP","Eaton Vance Pennsylvania Municipal Income Trust","12.92","$33.61M","1999","n/a","n/a","http://www.nasdaq.com/symbol/evp",
"ELMD","Electromed, Inc.","4.1","$33.57M","2011","Health Care","Biotechnology: Electromedical & Electrotherapeutic Apparatus","http://www.nasdaq.com/symbol/elmd",
"ETAK","Elephant Talk Communications Corp.","0.22","$35.56M","n/a","Technology","EDP Services","http://www.nasdaq.com/symbol/etak",
"ELLO","Ellomay Capital Ltd.","8.85","$94.51M","n/a","Public Utilities","Electric Utilities: Central","http://www.nasdaq.com/symbol/ello",
"ECF","Ellsworth Growth and Income Fund Ltd.","7.59","$97.14M","1986","n/a","n/a","http://www.nasdaq.com/symbol/ecf",
"EMAN","eMagin Corporation","1.78","$52.6M","n/a","Technology","Semiconductors","http://www.nasdaq.com/symbol/eman",
"MSN","Emerson Radio Corporation","0.86","$23.33M","n/a","Consumer Non-Durables","Consumer Electronics/Appliances","http://www.nasdaq.com/symbol/msn",
"UUUU","Energy Fuels Inc","2.2","$119.74M","n/a","Basic Industries","Mining & Quarrying of Nonmetallic Minerals (No Fuels)","http://www.nasdaq.com/symbol/uuuu",
"ENRJ","EnerJex Resources, Inc.","0.24","$2.02M","n/a","Energy","Oil & Gas Production","http://www.nasdaq.com/symbol/enrj",
"ENRJ^","EnerJex Resources, Inc.","1.1701","n/a","n/a","n/a","n/a","http://www.nasdaq.com/symbol/enrj^",
"ENSV","ENSERVCO Corporation","0.58","$22.11M","n/a","Energy","Oilfield Services/Equipment","http://www.nasdaq.com/symbol/ensv",
"ESNC","EnSync, Inc.","0.2835","$13.5M","n/a","Public Utilities","Electric Utilities: Central","http://www.nasdaq.com/symbol/esnc",
"EGI","Entree Gold Inc","0.2985","$44M","n/a","Basic Industries","Precious Metals","http://www.nasdaq.com/symbol/egi",
"EVI","EnviroStarm, Inc.","3.1","$21.8M","n/a","Consumer Services","Other Consumer Services","http://www.nasdaq.com/symbol/evi",
"ERB","ERBA Diagnostics, Inc.","1.0535","$46.44M","n/a","Health Care","Major Pharmaceuticals","http://www.nasdaq.com/symbol/erb",
"ERN","Erin Energy Corp.","1.51","$320.14M","n/a","Energy","Oil & Gas Production","http://www.nasdaq.com/symbol/ern",
"ESP","Espey Mfg. & Electronics Corp.","24.6","$57.91M","n/a","Capital Goods","Industrial Machinery/Components","http://www.nasdaq.com/symbol/esp",
"EMXX","Eurasian Minerals Inc.","0.61","$45.01M","n/a","Basic Industries","Precious Metals","http://www.nasdaq.com/symbol/emxx",
"EVBN","Evans Bancorp, Inc.","24.3","$103.55M","n/a","Finance","Major Banks","http://www.nasdaq.com/symbol/evbn",
"EPM","Evolution Petroleum Corporation, Inc.","4.66","$153.23M","n/a","Energy","Oil & Gas Production","http://www.nasdaq.com/symbol/epm",
"EPM^A","Evolution Petroleum Corporation, Inc.","24.9","n/a","n/a","n/a","n/a","http://www.nasdaq.com/symbol/epm^a",
"XRA","Exeter Resource Corporation","0.55","$48.62M","n/a","Basic Industries","Mining & Quarrying of Nonmetallic Minerals (No Fuels)","http://www.nasdaq.com/symbol/xra",
"FPP","FieldPoint Petroleum Corporation","0.38","$3.37M","n/a","Energy","Oil & Gas Production","http://www.nasdaq.com/symbol/fpp",
"FPP.WS","FieldPoint Petroleum Corporation","n/a","n/a","n/a","n/a","n/a","http://www.nasdaq.com/symbol/fpp.ws",
"FEN","First Trust Energy Income and Growth Fund","22.39","$433.36M","2004","n/a","n/a","http://www.nasdaq.com/symbol/fen",
"BDL","Flanigan&#39;s Enterprises, Inc.","19.01","$35.33M","n/a","Consumer Services","Restaurants","http://www.nasdaq.com/symbol/bdl",
"FSI","Flexible Solutions International Inc.","0.885","$10.11M","n/a","Basic Industries","Major Chemicals","http://www.nasdaq.com/symbol/fsi",
"FTF","Franklin Limited Duration Income Trust","11.25","$301.9M","2003","n/a","n/a","http://www.nasdaq.com/symbol/ftf",
"FSP","Franklin Street Properties Corp.","10.7","$1.07B","n/a","Consumer Services","Real Estate Investment Trusts","http://www.nasdaq.com/symbol/fsp",
"FRD","Friedman Industries Inc.","5.8","$39.44M","n/a","Capital Goods","Steel/Iron Ore","http://www.nasdaq.com/symbol/frd",
"GGN","GAMCO Global Gold, Natural Reources & Income Trust ","5.5","$619.55M","2005","n/a","n/a","http://www.nasdaq.com/symbol/ggn",
"GGN^B","GAMCO Global Gold, Natural Reources & Income Trust ","23.73","n/a","n/a","n/a","n/a","http://www.nasdaq.com/symbol/ggn^b",
"EGAS","Gas Natural Inc.","7.77","$81.65M","n/a","Public Utilities","Oil/Gas Transmission","http://www.nasdaq.com/symbol/egas",
"GST","Gastar Exploration Inc.","1.06","$86.75M","n/a","Energy","Oil & Gas Production","http://www.nasdaq.com/symbol/gst",
"GST^A","Gastar Exploration Inc.","7.25","n/a","n/a","n/a","n/a","http://www.nasdaq.com/symbol/gst^a",
"GST^B","Gastar Exploration Inc.","7.75","n/a","n/a","n/a","n/a","http://www.nasdaq.com/symbol/gst^b",
"JOB","General Employment Enterprises, Inc.","4.44","$41.1M","n/a","Technology","Diversified Commercial Services","http://www.nasdaq.com/symbol/job",
"GMO","General Moly, Inc","0.324","$29.47M","n/a","Basic Industries","Precious Metals","http://www.nasdaq.com/symbol/gmo",
"GIG","GigOptix, Inc.","2.58","$115.61M","n/a","Technology","Semiconductors","http://www.nasdaq.com/symbol/gig",
"GSB","GlobalSCAPE, Inc.","3.85","$80.9M","n/a","Technology","Computer Software: Prepackaged Software","http://www.nasdaq.com/symbol/gsb",
"GSAT","Globalstar, Inc.","1.67","$1.73B","2006","Consumer Services","Telecommunications Equipment","http://www.nasdaq.com/symbol/gsat",
"GLOW","Glowpoint, Inc.","0.3699","$13.27M","n/a","Public Utilities","Telecommunications Equipment","http://www.nasdaq.com/symbol/glow",
"GORO","Gold Resource Corporation","2.28","$123.73M","n/a","Basic Industries","Precious Metals","http://www.nasdaq.com/symbol/goro",
"GSV","Gold Standard Ventures Corporation","1.08","$222.44M","n/a","Basic Industries","Mining & Quarrying of Nonmetallic Minerals (No Fuels)","http://www.nasdaq.com/symbol/gsv",
"AUMN","Golden Minerals Company","0.435","$33.36M","n/a","Basic Industries","Precious Metals","http://www.nasdaq.com/symbol/aumn",
"GSS","Golden Star Resources, Ltd","0.45","$116.95M","n/a","Basic Industries","Precious Metals","http://www.nasdaq.com/symbol/gss",
"GV","Goldfield Corporation (The)","1.7799","$45.3M","n/a","Basic Industries","Water Supply","http://www.nasdaq.com/symbol/gv",
"GRC","Gorman-Rupp Company (The)","25.71","$670.61M","n/a","Capital Goods","Fluid Controls","http://www.nasdaq.com/symbol/grc",
"GTE","Gran Tierra Energy Inc.","2.31","$663.27M","n/a","Energy","Oil & Gas Production","http://www.nasdaq.com/symbol/gte",
"GPL","Great Panther Silver Limited","0.9015","$127.76M","n/a","Basic Industries","Precious Metals","http://www.nasdaq.com/symbol/gpl",
"SIM","Grupo Simec, S.A. de C.V.","8.01","$1.33B","1993","Basic Industries","Steel/Iron Ore","http://www.nasdaq.com/symbol/sim",
"GVP","GSE Systems, Inc.","2.6703","$47.83M","n/a","Technology","Computer Software: Prepackaged Software","http://www.nasdaq.com/symbol/gvp",
"HCHC","HC2 Holdings, Inc.","3.5","$123.38M","n/a","Public Utilities","Telecommunications Equipment","http://www.nasdaq.com/symbol/hchc",
"HEB","Hemispherx BioPharma, Inc.","0.1315","$32.56M","n/a","Health Care","Biotechnology: Biological Products (No Diagnostic Substances)","http://www.nasdaq.com/symbol/heb",
"HLM^","Hillman Group Capital Trust","31.5884","n/a","n/a","n/a","n/a","http://www.nasdaq.com/symbol/hlm^",
"HMG","HMG/Courtland Properties, Inc.","9.75","$10.1M","n/a","Consumer Services","Real Estate Investment Trusts","http://www.nasdaq.com/symbol/hmg",
"HH","Hooper Holmes, Inc.","0.1386","$10.81M","n/a","Health Care","Hospital/Nursing Management","http://www.nasdaq.com/symbol/hh",
"HUSA","Houston American Energy Corporation","0.198","$10.29M","n/a","Energy","Oil & Gas Production","http://www.nasdaq.com/symbol/husa",
"IBIO","iBio, Inc.","0.59","$48.74M","n/a","Health Care","Major Pharmaceuticals","http://www.nasdaq.com/symbol/ibio",
"IBO","IBO (Listing Market - NYSE Amex Network B F)","153.82","n/a","n/a","n/a","n/a","http://www.nasdaq.com/symbol/ibo",
"IDI","IDI, Inc.","5.15","$236.86M","n/a","Consumer Services","Advertising","http://www.nasdaq.com/symbol/idi",
"IEC","IEC Electronics Corp.","4.94","$50.28M","n/a","Technology","Electrical Products","http://www.nasdaq.com/symbol/iec",
"IMUC","ImmunoCellular Therapeutics, Ltd.","0.3271","$29.54M","n/a","Health Care","Major Pharmaceuticals","http://www.nasdaq.com/symbol/imuc",
"IMH","Impac Mortgage Holdings, Inc.","13.97","$170.13M","1997","Consumer Services","Real Estate Investment Trusts","http://www.nasdaq.com/symbol/imh",
"IMO","Imperial Oil Limited","31.51","$26.71B","n/a","Energy","Integrated oil Companies","http://www.nasdaq.com/symbol/imo",
"IOT","Income Opportunity Realty Investors, Inc.","7.0108","$29.22M","n/a","Consumer Services","Real Estate Investment Trusts","http://www.nasdaq.com/symbol/iot",
"IRT","Independence Realty Trust, Inc.","6.96","$330.39M","2013","Consumer Services","Real Estate Investment Trusts","http://www.nasdaq.com/symbol/irt",
"IGC","India Globalization Capital Inc.","0.5","$8.98M","n/a","Consumer Non-Durables","Electronic Components","http://www.nasdaq.com/symbol/igc",
"INFU","InfuSystems Holdings, Inc.","3.47","$78.22M","n/a","Health Care","Medical/Dental Instruments","http://www.nasdaq.com/symbol/infu",
"IHT","InnSuites Hospitality Trust","2.3","$21.75M","n/a","Consumer Services","Real Estate Investment Trusts","http://www.nasdaq.com/symbol/iht",
"NSPR","InspireMD, Inc.","0.475","$5.1M","n/a","Health Care","Medical/Dental Instruments","http://www.nasdaq.com/symbol/nspr",
"IFMI","Institutional Financial Markets, Inc.","0.88","$12.32M","n/a","Finance","Investment Bankers/Brokers/Service","http://www.nasdaq.com/symbol/ifmi",
"IDN","Intellicheck Mobilisa, Inc.","1.62","$14.52M","1999","Technology","Computer Software: Prepackaged Software","http://www.nasdaq.com/symbol/idn",
"INS","Intelligent Systems Corporation","3.45","$30.12M","1992","Capital Goods","Metal Fabrications","http://www.nasdaq.com/symbol/ins",
"THM","International Tower Hill Mines Ltd","0.31","$36.06M","n/a","Basic Industries","Precious Metals","http://www.nasdaq.com/symbol/thm",
"INTT","inTest Corporation","4.11","$43.14M","1997","Capital Goods","Electrical Products","http://www.nasdaq.com/symbol/intt",
"INUV","Inuvo, Inc","2","$48.75M","n/a","Consumer Services","Advertising","http://www.nasdaq.com/symbol/inuv",
"VKI","Invesco Advantage Municipal Income Trust II","12.555","$557.2M","n/a","n/a","n/a","http://www.nasdaq.com/symbol/vki",
"ISR","IsoRay, Inc.","0.95","$52.26M","n/a","Health Care","Medical/Dental Instruments","http://www.nasdaq.com/symbol/isr",
"ISDR","Issuer Direct Corporation","5.65","$15.77M","n/a","Miscellaneous","Publishing","http://www.nasdaq.com/symbol/isdr",
"JRJR","JRjr33, Inc.","0.99","$34.02M","2014","Consumer Services","Other Consumer Services","http://www.nasdaq.com/symbol/jrjr",
"KIQ","Kelso Technologies Inc","0.8803","$40.56M","n/a","Capital Goods","Railroads","http://www.nasdaq.com/symbol/kiq",
"KLDX","Klondex Mines Ltd.","2.68","$376.96M","n/a","Basic Industries","Precious Metals","http://www.nasdaq.com/symbol/kldx",
"LTS","Ladenburg Thalmann Financial Services Inc","2.48","$455.22M","n/a","Finance","Investment Bankers/Brokers/Service","http://www.nasdaq.com/symbol/lts",
"LTS^A","Ladenburg Thalmann Financial Services Inc","23.96","n/a","n/a","n/a","n/a","http://www.nasdaq.com/symbol/lts^a",
"LAQ","Latin America Equity Fund, Inc. (The)","17.7301","$132.06M","1991","n/a","n/a","http://www.nasdaq.com/symbol/laq",
"LGL","LGL Group, Inc. (The)","3.44","$9.17M","n/a","Capital Goods","Industrial Machinery/Components","http://www.nasdaq.com/symbol/lgl",
"LBY","Libbey, Inc.","17.6","$383.06M","1993","Capital Goods","Industrial Machinery/Components","http://www.nasdaq.com/symbol/lby",
"LIQT","LiqTech International, Inc.","0.69","$27.28M","n/a","Technology","Industrial Machinery/Components","http://www.nasdaq.com/symbol/liqt",
"LEI","Lucas Energy, Inc.","2.85","$4.18M","n/a","Energy","Oil & Gas Production","http://www.nasdaq.com/symbol/lei",
"MCZ","Mad Catz Interactive Inc","0.1942","$14.27M","n/a","Consumer Non-Durables","Recreational Products/Toys","http://www.nasdaq.com/symbol/mcz",
"MVG","Mag Silver Corporation","9.33","$743.43M","n/a","Basic Industries","Precious Metals","http://www.nasdaq.com/symbol/mvg",
"MJCO","Majesco","5.99","$218.34M","2015","Technology","Computer Software: Prepackaged Software","http://www.nasdaq.com/symbol/mjco",
"MSTX","Mast Therapeutics, Inc.","0.28","$53.99M","n/a","Health Care","Major Pharmaceuticals","http://www.nasdaq.com/symbol/mstx",
"MHH","Mastech Holdings, Inc","7.22","$31.43M","n/a","Consumer Services","Professional Services","http://www.nasdaq.com/symbol/mhh",
"MDGN","Medgenics, Inc.","4.61","$151.77M","2011","Health Care","Biotechnology: Biological Products (No Diagnostic Substances)","http://www.nasdaq.com/symbol/mdgn",
"MDGN.WS","Medgenics, Inc.","n/a","n/a","n/a","n/a","n/a","http://www.nasdaq.com/symbol/mdgn.ws",
"IPB","Merrill Lynch & Co., Inc.","26.9","n/a","n/a","Finance","Finance: Consumer Services","http://www.nasdaq.com/symbol/ipb",
"MXC","Mexco Energy Corporation","2.29","$4.67M","n/a","Energy","Oil & Gas Production","http://www.nasdaq.com/symbol/mxc",
"CCA","MFS California Insured Municipal Trust","12.4","$34.55M","1999","n/a","n/a","http://www.nasdaq.com/symbol/cca",
"MGT","MGT Capital Investments Inc","0.215","$3.7M","n/a","Miscellaneous","Multi-Sector Companies","http://www.nasdaq.com/symbol/mgt",
"MLSS","Milestone Scientific, Inc.","1.75","$37.59M","2015","Health Care","Industrial Specialties","http://www.nasdaq.com/symbol/mlss",
"MGH","Minco Gold Corporation","0.26","$13.16M","n/a","Basic Industries","Precious Metals","http://www.nasdaq.com/symbol/mgh",
"MGN","Mines Management, Inc.","0.53","$16.34M","n/a","Basic Industries","Precious Metals","http://www.nasdaq.com/symbol/mgn",
"MVF","MuniVest Fund, Inc.","10.75","$688.46M","n/a","n/a","n/a","http://www.nasdaq.com/symbol/mvf",
"MZA","MuniYield Arizona Fund, Inc.","17.44","$80.24M","1993","n/a","n/a","http://www.nasdaq.com/symbol/mza",
"NNVC","NanoViricides, Inc.","2.35","$135.88M","n/a","Health Care","Biotechnology: Commercial Physical & Biological Resarch","http://www.nasdaq.com/symbol/nnvc",
"NHC","National HealthCare Corporation","62.14","$932.45M","n/a","Health Care","Hospital/Nursing Management","http://www.nasdaq.com/symbol/nhc",
"NAVB","Navidea Biopharmaceuticals, Inc.","1.16","$180.46M","n/a","Health Care","Biotechnology: In Vitro & In Vivo Diagnostic Substances","http://www.nasdaq.com/symbol/navb",
"NTIP","Network-1 Technologies, Inc.","2.02","$47.06M","n/a","Technology","Computer Software: Prepackaged Software","http://www.nasdaq.com/symbol/ntip",
"NBW","Neuberger Berman California Intermediate Municipal Fund Inc.","16.57","$91.83M","2002","n/a","n/a","http://www.nasdaq.com/symbol/nbw",
"NHS","Neuberger Berman High Yield Strategies Fund","10.42","$203.61M","n/a","n/a","n/a","http://www.nasdaq.com/symbol/nhs",
"NBH","Neuberger Berman Intermediate Municipal Fund Inc.","16.17","$303.45M","2002","n/a","n/a","http://www.nasdaq.com/symbol/nbh",
"NML","Neuberger Berman MLP Income Fund Inc.","6.44","$364.16M","2013","n/a","n/a","http://www.nasdaq.com/symbol/nml",
"NBO","Neuberger Berman New York Intermediate Municipal Fund Inc.","14.65","$74.36M","2002","n/a","n/a","http://www.nasdaq.com/symbol/nbo",
"NRO","Neuberger Berman Real Estate Securities Income Fund, Inc.","5.07","$282.84M","2003","n/a","n/a","http://www.nasdaq.com/symbol/nro",
"UWN","Nevada Gold & Casinos, Inc.","2.15","$38.19M","n/a","Consumer Services","Services-Misc. Amusement & Recreation","http://www.nasdaq.com/symbol/uwn",
"NSU","Nevsun Resources Ltd","3.19","$637.33M","n/a","Basic Industries","Precious Metals","http://www.nasdaq.com/symbol/nsu",
"GBR","New Concept Energy, Inc","0.84","$1.64M","n/a","Energy","Oil & Gas Production","http://www.nasdaq.com/symbol/gbr",
"NEN","New England Realty Associates Limited Partnership","55.15","$206.95M","n/a","Consumer Services","Building operators","http://www.nasdaq.com/symbol/nen",
"NGD","NEW GOLD INC.","3.65","$1.86B","n/a","Basic Industries","Precious Metals","http://www.nasdaq.com/symbol/ngd",
"HLTH","Nobilis Health Corp.","3.33","$251.34M","2015","Health Care","Hospital/Nursing Management","http://www.nasdaq.com/symbol/hlth",
"NSAT","Norsat International Inc.","5.2","$30.32M","n/a","Capital Goods","Industrial Machinery/Components","http://www.nasdaq.com/symbol/nsat",
"NAK","Northern Dynasty Minerals, Ltd.","0.31","$68.87M","n/a","Basic Industries","Precious Metals","http://www.nasdaq.com/symbol/nak",
"NOG","Northern Oil and Gas, Inc.","3.8","$239.91M","n/a","Energy","Oil & Gas Production","http://www.nasdaq.com/symbol/nog",
"NBY","NovaBay Pharmaceuticals, Inc.","2.05","$10.26M","2007","n/a","n/a","http://www.nasdaq.com/symbol/nby",
"NCQ","NovaCopper Inc.","0.36","$37.79M","n/a","Basic Industries","Precious Metals","http://www.nasdaq.com/symbol/ncq",
"NG","Novagold Resources Inc.","5.05","$1.61B","n/a","Basic Industries","Precious Metals","http://www.nasdaq.com/symbol/ng",
"NTN","NTN Buzztime, Inc.","0.15","$13.87M","n/a","Consumer Services","Broadcasting","http://www.nasdaq.com/symbol/ntn",
"NVX","Nuveen California Dividend Advantage Municipal Fund 2","15.71","$231.87M","2001","n/a","n/a","http://www.nasdaq.com/symbol/nvx",
"NZH","Nuveen California Dividend Advantage Municipal Fund 3","15.04","$363.24M","n/a","n/a","n/a","http://www.nasdaq.com/symbol/nzh",
"NCB","Nuveen California Municipal Value Fund 2","18.16","$59.71M","n/a","n/a","n/a","http://www.nasdaq.com/symbol/ncb",
"CFD","Nuveen Diversified Commodity Fund","8.71","$78.8M","2010","n/a","n/a","http://www.nasdaq.com/symbol/cfd",
"NXZ","Nuveen Dividend Advantage Municipal Fund 2","14.97","$440.92M","2001","n/a","n/a","http://www.nasdaq.com/symbol/nxz",
"NZF","Nuveen Dividend Advantage Municipal Fund 3","15.06","$546.87M","2007","n/a","n/a","http://www.nasdaq.com/symbol/nzf",
"NVG","Nuveen Dividend Advantage Municipal Income Fund","15.2","$405.03M","2002","n/a","n/a","http://www.nasdaq.com/symbol/nvg",
"CTF","Nuveen Long/Short Commodity Total Return Fund","14.9599","$244.53M","n/a","n/a","n/a","http://www.nasdaq.com/symbol/ctf",
"NOM","Nuveen Missouri Premium Income Municipal Fund","16.4538","$38.43M","1993","n/a","n/a","http://www.nasdaq.com/symbol/nom",
"NMZ","Nuveen Municipal High Income Opportunity Fund","14.05","$703.69M","2003","n/a","n/a","http://www.nasdaq.com/symbol/nmz",
"NJV","Nuveen New Jersey Municipal Value Fund","15.3","$23.72M","n/a","n/a","n/a","http://www.nasdaq.com/symbol/njv",
"NYV","Nuveen New York Municipal Value Fund 2","15.69","$36.87M","2009","n/a","n/a","http://www.nasdaq.com/symbol/nyv",
"NPN","Nuveen Pennsylvania Municipal Value Fund","16.5","$20.12M","2009","n/a","n/a","http://www.nasdaq.com/symbol/npn",
"JRS","Nuveen Real Estate Fund","10.85","$313.48M","2001","n/a","n/a","http://www.nasdaq.com/symbol/jrs",
"OCX","OncoCyte Corporation","6.07","$154.25M","2015","Health Care","Biotechnology: In Vitro & In Vivo Diagnostic Substances","http://www.nasdaq.com/symbol/ocx",
"OGEN","Oragenics, Inc.","0.91","$36.45M","n/a","Health Care","Major Pharmaceuticals","http://www.nasdaq.com/symbol/ogen",
"TIS","Orchids Paper Products Company","27.97","$287.4M","2005","Basic Industries","Paper","http://www.nasdaq.com/symbol/tis",
"ONVO","Organovo Holdings, Inc.","2.2","$203.31M","n/a","Health Care","Biotechnology: Biological Products (No Diagnostic Substances)","http://www.nasdaq.com/symbol/onvo",
"ONP","Orient Paper, Inc.","1.21","$25.95M","n/a","Consumer Durables","Containers/Packaging","http://www.nasdaq.com/symbol/onp",
"OSG","Overseas Shipholding Group, Inc.","2","$744.6M","2015","Transportation","Marine Transportation","http://www.nasdaq.com/symbol/osg",
"OSGB","Overseas Shipholding Group, Inc.","2.22","$15.29M","n/a","Transportation","Marine Transportation","http://www.nasdaq.com/symbol/osgb",
"ORM","Owens Realty Mortgage, Inc.","16.13","$165.28M","2013","Consumer Services","Real Estate Investment Trusts","http://www.nasdaq.com/symbol/orm",
"PHF","Pacholder High Yield Fund, Inc.","6.36","$82.66M","n/a","n/a","n/a","http://www.nasdaq.com/symbol/phf",
"PBM","Pacific Booker Minerals Inc","0.8898","$11.25M","n/a","Basic Industries","Precious Metals","http://www.nasdaq.com/symbol/pbm",
"PCG^A","Pacific Gas & Electric Co.","30.45","n/a","n/a","n/a","n/a","http://www.nasdaq.com/symbol/pcg^a",
"PCG^B","Pacific Gas & Electric Co.","27.75","n/a","n/a","n/a","n/a","http://www.nasdaq.com/symbol/pcg^b",
"PCG^C","Pacific Gas & Electric Co.","25.804","n/a","n/a","n/a","n/a","http://www.nasdaq.com/symbol/pcg^c",
"PCG^D","Pacific Gas & Electric Co.","25.2299","n/a","n/a","n/a","n/a","http://www.nasdaq.com/symbol/pcg^d",
"PCG^E","Pacific Gas & Electric Co.","25.3945","n/a","n/a","n/a","n/a","http://www.nasdaq.com/symbol/pcg^e",
"PCG^G","Pacific Gas & Electric Co.","24.9","n/a","n/a","n/a","n/a","http://www.nasdaq.com/symbol/pcg^g",
"PCG^H","Pacific Gas & Electric Co.","24.38","n/a","n/a","n/a","n/a","http://www.nasdaq.com/symbol/pcg^h",
"PCG^I","Pacific Gas & Electric Co.","24.7778","n/a","n/a","n/a","n/a","http://www.nasdaq.com/symbol/pcg^i",
"PTN","Palatin Technologies, Inc.","0.54","$36.74M","n/a","Health Care","Major Pharmaceuticals","http://www.nasdaq.com/symbol/ptn",
"PARR","Par Pacific Holdings, Inc.","18.7","$768.16M","n/a","Energy","Oil & Gas Production","http://www.nasdaq.com/symbol/parr",
"PZG","Paramount Gold Nevada Corp.","1.43","$12.18M","2015","Basic Industries","Precious Metals","http://www.nasdaq.com/symbol/pzg",
"PRK","Park National Corporation","88.89","$1.36B","n/a","Finance","Major Banks","http://www.nasdaq.com/symbol/prk",
"PED","Pedevco Corp.","0.26","$12.22M","n/a","Energy","Oil & Gas Production","http://www.nasdaq.com/symbol/ped",
"PFNX","Pfenex Inc.","10.46","$244.48M","2014","Health Care","Major Pharmaceuticals","http://www.nasdaq.com/symbol/pfnx",
"PIP","PharmAthene, Inc","2.04","$133.11M","n/a","Health Care","Major Pharmaceuticals","http://www.nasdaq.com/symbol/pip",
"HNW","Pioneer Diversified High Income Trust","15.12","$125.99M","2007","n/a","n/a","http://www.nasdaq.com/symbol/hnw",
"PLG","Platinum Group Metals Ltd.","3.63","$281.66M","n/a","Basic Industries","Precious Metals","http://www.nasdaq.com/symbol/plg",
"PLM","Polymet Mining Corp.","0.86","$238.8M","n/a","Basic Industries","Precious Metals","http://www.nasdaq.com/symbol/plm",
"PW","Power REIT","4.644","$8.09M","n/a","Consumer Services","Real Estate Investment Trusts","http://www.nasdaq.com/symbol/pw",
"PW^A","Power REIT","24.95","n/a","n/a","n/a","n/a","http://www.nasdaq.com/symbol/pw^a",
"PLX","Protalix BioTherapeutics, Inc.","0.863","$86.13M","n/a","Health Care","Biotechnology: Biological Products (No Diagnostic Substances)","http://www.nasdaq.com/symbol/plx",
"PVCT","Provectus Biopharmaceuticals, Inc.","0.36","$73.81M","n/a","Health Care","Major Pharmaceuticals","http://www.nasdaq.com/symbol/pvct",
"PVCT.WS","Provectus Biopharmaceuticals, Inc.","n/a","n/a","n/a","n/a","n/a","http://www.nasdaq.com/symbol/pvct.ws",
"RLGT","Radiant Logistics, Inc.","3.47","$169.15M","n/a","Transportation","Oil Refining/Marketing","http://www.nasdaq.com/symbol/rlgt",
"RLGT^A","Radiant Logistics, Inc.","25","n/a","n/a","n/a","n/a","http://www.nasdaq.com/symbol/rlgt^a",
"UTG","Reaves Utility Income Fund","29.75","$937.19M","2004","n/a","n/a","http://www.nasdaq.com/symbol/utg",
"REED","Reeds, Inc.","4.63","$60.93M","n/a","Consumer Non-Durables","Beverages (Production/Distribution)","http://www.nasdaq.com/symbol/reed",
"RWC","RELM Wireless Corporation","4.9899","$68.51M","n/a","Technology","Radio And Television Broadcasting And Communications Equipment","http://www.nasdaq.com/symbol/rwc",
"RCG","RENN Fund, Inc.","0.997","$4.45M","n/a","n/a","n/a","http://www.nasdaq.com/symbol/rcg",
"RVP","Retractable Technologies, Inc.","2.288","$65.48M","n/a","Health Care","Medical/Dental Instruments","http://www.nasdaq.com/symbol/rvp",
"RNN","Rexahn Pharmaceuticals, Inc.","0.3356","$71.52M","n/a","Health Care","Major Pharmaceuticals","http://www.nasdaq.com/symbol/rnn",
"RIC","Richmont Mines, Inc.","5.6","$327.79M","n/a","Basic Industries","Precious Metals","http://www.nasdaq.com/symbol/ric",
"REI","Ring Energy, Inc.","4.96","$150.77M","n/a","Energy","Oil & Gas Production","http://www.nasdaq.com/symbol/rei",
"RIF","RMR Real Estate Income Fund.","19.31","$147.75M","n/a","n/a","n/a","http://www.nasdaq.com/symbol/rif",
"SGA","Saga Communications, Inc.","39.19","$229.69M","n/a","Consumer Services","Broadcasting","http://www.nasdaq.com/symbol/sga",
"SSN","Samson Oil & Gas Limited","0.84","$11.92M","n/a","Energy","Oil & Gas Production","http://www.nasdaq.com/symbol/ssn",
"SPP","Sanchez Production Partners LP","10.71","$32.46M","n/a","Energy","Oil & Gas Production","http://www.nasdaq.com/symbol/spp",
"SAND          ","Sandstorm Gold Ltd","3.18","$438.62M","n/a","Basic Industries","Precious Metals","http://www.nasdaq.com/symbol/sand",
"SEB","Seaboard Corporation","3035.84","$3.55B","1996","Finance","Investment Bankers/Brokers/Service","http://www.nasdaq.com/symbol/seb",
"SENS","Senseonics Holdings, Inc.","3.02","$228.8M","n/a","Capital Goods","Industrial Machinery/Components","http://www.nasdaq.com/symbol/sens",
"SVT","Servotronics, Inc.","7.4599","$18.07M","n/a","Capital Goods","Industrial Machinery/Components","http://www.nasdaq.com/symbol/svt",
"SIF","SIFCO Industries, Inc.","9.09","$49.6M","n/a","Capital Goods","Aerospace","http://www.nasdaq.com/symbol/sif",
"SKY","Skyline Corporation","8.8","$73.84M","n/a","Basic Industries","Homebuilding","http://www.nasdaq.com/symbol/sky",
"SLI","SL Industries, Inc.","33.2","$131.51M","n/a","Capital Goods","Industrial Machinery/Components","http://www.nasdaq.com/symbol/sli",
"XPL","Solitario Exploration & Royalty Corp","0.47","$18.37M","n/a","Basic Industries","Precious Metals","http://www.nasdaq.com/symbol/xpl",
"SCE^B","Southern California Edison Company","23.6936","n/a","n/a","n/a","n/a","http://www.nasdaq.com/symbol/sce^b",
"SCE^C","Southern California Edison Company","25","n/a","n/a","n/a","n/a","http://www.nasdaq.com/symbol/sce^c",
"SCE^D","Southern California Edison Company","24.964","n/a","n/a","n/a","n/a","http://www.nasdaq.com/symbol/sce^d",
"SCE^E","Southern California Edison Company","25.5999","n/a","n/a","n/a","n/a","http://www.nasdaq.com/symbol/sce^e",
"SGB","Southwest Georgia Financial Corporation","14.75","$37.58M","n/a","Finance","Major Banks","http://www.nasdaq.com/symbol/sgb",
"LOV","Spark Networks, Inc.","2.34","$60.48M","n/a","Miscellaneous","Business Services","http://www.nasdaq.com/symbol/lov",
"STRP","Straight Path Communications Inc.","32.21","$391.88M","2013","Public Utilities","Telecommunications Equipment","http://www.nasdaq.com/symbol/strp",
"SSY","SunLink Health Systems, Inc.","0.495","$4.67M","n/a","Health Care","Hospital/Nursing Management","http://www.nasdaq.com/symbol/ssy",
"SDPI","Superior Drilling Products, Inc.","1.49","$25.97M","2014","Energy","Metal Fabrications","http://www.nasdaq.com/symbol/sdpi",
"STS","Supreme Industries, Inc.","9.6","$161.88M","n/a","Capital Goods","Construction/Ag Equipment/Trucks","http://www.nasdaq.com/symbol/sts",
"SYRG","Synergy Resources Corporation","7.52","$827M","n/a","Energy","Oil & Gas Production","http://www.nasdaq.com/symbol/syrg",
"SYN","Synthetic Biologics, Inc","2.66","$241.6M","n/a","Health Care","Major Pharmaceuticals","http://www.nasdaq.com/symbol/syn",
"TRX","Tanzanian Royalty Exploration Corporation","0.2482","$26.83M","n/a","Basic Industries","Precious Metals","http://www.nasdaq.com/symbol/trx",
"TGB","Taseko Mines Limited","0.4979","$110.44M","n/a","Basic Industries","Precious Metals","http://www.nasdaq.com/symbol/tgb",
"TIK","Tel-Instrument Electronics Corp.","4.35","$14.17M","n/a","Capital Goods","Electrical Products","http://www.nasdaq.com/symbol/tik",
"TGC","Tengasco, Inc.","1.33","$8.09M","n/a","Energy","Oil & Gas Production","http://www.nasdaq.com/symbol/tgc",
"GLU","The Gabelli Global Utility and Income Trust","17.7348","$72.91M","2004","n/a","n/a","http://www.nasdaq.com/symbol/glu",
"GLU^A","The Gabelli Global Utility and Income Trust","50.9001","n/a","n/a","n/a","n/a","http://www.nasdaq.com/symbol/glu^a",
"TXMD","TherapeuticsMD, Inc.","7.25","$1.42B","n/a","Health Care","Major Pharmaceuticals","http://www.nasdaq.com/symbol/txmd",
"TPI","Tianyin Pharmaceutical Co., Inc.","0.13","$3.83M","n/a","Health Care","Major Pharmaceuticals","http://www.nasdaq.com/symbol/tpi",
"TGD","Timmons Gold Corp","0.23","$72.56M","2011","Basic Industries","Precious Metals","http://www.nasdaq.com/symbol/tgd",
"TOF","Tofutti Brands Inc.","3.08","$15.87M","n/a","Consumer Non-Durables","Specialty Foods","http://www.nasdaq.com/symbol/tof",
"TMP","Tompkins Financial Corporation","63.87","$957.33M","n/a","Finance","Major Banks","http://www.nasdaq.com/symbol/tmp",
"TAT","Transatlantic Petroleum Ltd","0.6855","$28.18M","n/a","Energy","Oil & Gas Production","http://www.nasdaq.com/symbol/tat",
"TRXC","TransEnterix, Inc.","4.7","$500.91M","n/a","Health Care","Medical/Dental Instruments","http://www.nasdaq.com/symbol/trxc",
"TPLM","Triangle Petroleum Corporation","0.4262","$32.27M","n/a","Energy","Oil & Gas Production","http://www.nasdaq.com/symbol/tplm",
"TPHS","Trinity Place Holdings Inc.","7.15","$180.91M","n/a","Consumer Services","Clothing/Shoe/Accessory Stores","http://www.nasdaq.com/symbol/tphs",
"TRT","Trio-Tech International","3.2","$11.24M","n/a","Technology","Industrial Machinery/Components","http://www.nasdaq.com/symbol/trt",
"HTM","U.S. Geothermal Inc.","0.68","$74.95M","n/a","Public Utilities","Electric Utilities: Central","http://www.nasdaq.com/symbol/htm",
"UFAB","Unique Fabricating, Inc.","12.75","$122.74M","2015","Capital Goods","Auto Parts:O.E.M.","http://www.nasdaq.com/symbol/ufab",
"UAMY","United States Antimony Corporation","0.245","$16.25M","n/a","Capital Goods","Metal Fabrications","http://www.nasdaq.com/symbol/uamy",
"UUU","Universal Security Instruments, Inc.","4.03","$9.32M","n/a","Consumer Non-Durables","Electronic Components","http://www.nasdaq.com/symbol/uuu",
"UQM","UQM TECHNOLOGIES INC","0.62","$30.04M","n/a","Capital Goods","Industrial Machinery/Components","http://www.nasdaq.com/symbol/uqm",
"URG","Ur Energy Inc","0.5","$71.66M","n/a","Basic Industries","Precious Metals","http://www.nasdaq.com/symbol/urg",
"UEC","Uranium Energy Corp.","0.73","$75.4M","n/a","Basic Industries","Precious Metals","http://www.nasdaq.com/symbol/uec",
"VSR","Versar, Inc.","2.45","$24.09M","1986","Consumer Services","Military/Government/Technical","http://www.nasdaq.com/symbol/vsr",
"VII","Vicon Industries, Inc.","0.9","$8.41M","n/a","Consumer Durables","Telecommunications Equipment","http://www.nasdaq.com/symbol/vii",
"VHC","VirnetX Holding Corp","4.58","$249.52M","n/a","Miscellaneous","Multi-Sector Companies","http://www.nasdaq.com/symbol/vhc",
"VGZ","Vista Gold Corporation","0.44","$36.47M","n/a","Basic Industries","Precious Metals","http://www.nasdaq.com/symbol/vgz",
"VNRX","VolitionRX Limited","3.7","$69.79M","2015","Health Care","Biotechnology: In Vitro & In Vivo Diagnostic Substances","http://www.nasdaq.com/symbol/vnrx",
"VISI","Volt Information Sciences, Inc.","7.4","$154.15M","n/a","Technology","Professional Services","http://www.nasdaq.com/symbol/visi",
"EAD","Wells Fargo Income Opportunities Fund","7.48","$530.95M","2003","n/a","n/a","http://www.nasdaq.com/symbol/ead",
"ERC","Wells Fargo Multi-Sector Income Fund","12.04","$506.34M","2003","n/a","n/a","http://www.nasdaq.com/symbol/erc",
"ERH","Wells Fargo Utilities and High Income Fund","12.78","$118M","2004","n/a","n/a","http://www.nasdaq.com/symbol/erh",
"SBI","Western Asset Intermediate Muni Fund Inc","10.44","$146.96M","1992","n/a","n/a","http://www.nasdaq.com/symbol/sbi",
"WRN","Western Copper and Gold Corporation","0.5363","$50.52M","2011","Basic Industries","Precious Metals","http://www.nasdaq.com/symbol/wrn",
"WYY","WidePoint Corporation","0.66","$54.46M","n/a","Technology","EDP Services","http://www.nasdaq.com/symbol/wyy",
"WTT","Wireless Telecom Group,  Inc.","1.37","$25.47M","n/a","Capital Goods","Electrical Products","http://www.nasdaq.com/symbol/wtt",
"XTNT","Xtant Medical Holdings, Inc.","2.49","$29.63M","n/a","Health Care","Biotechnology: Biological Products (No Diagnostic Substances)","http://www.nasdaq.com/symbol/xtnt",
"YUMA","Yuma Energy, Inc.","0.206","$14.81M","n/a","Energy","Oil & Gas Production","http://www.nasdaq.com/symbol/yuma",
"YUMA^A","Yuma Energy, Inc.","3.73","n/a","n/a","n/a","n/a","http://www.nasdaq.com/symbol/yuma^a",
